库/包配置/语言服务。豫	1
库/基础库/人工智能/分词器/句片解码。豫	1
库/基础库/人工智能/分词器/嵌词配置。豫	2
库/基础库/人工智能/分词器/测试/嵌词配置。测试。豫	12
库/基础库/人工智能/分词器/解码配置。豫	3
库/基础库/人工智能/分词器/配置流式。豫	2
库/基础库/人工智能/张量格式/GGUF写出。豫	50
库/基础库/人工智能/张量格式/NPY。豫	48
库/基础库/人工智能/张量格式/NPZ。豫	28
库/基础库/人工智能/张量格式/ONNX。豫	67
库/基础库/人工智能/张量格式/ONNX外部数据。豫	43
库/基础库/人工智能/张量格式/互转。豫	9
库/基础库/人工智能/张量格式/测试/ONNX外部数据。测试。豫	7
库/基础库/人工智能/张量格式/测试/互转。测试。豫	6
库/基础库/人工智能/张量格式/测试/扩展格式。测试。豫	31
库/基础库/人工智能/张量格式/测试/目录与分片。测试。豫	8
库/基础库/人工智能/数据集/测试/流式合档。测试。豫	1
库/基础库/人工智能/模型仓库/下载核心。豫	2
库/基础库/人工智能/模型仓库/仓库会话。豫	1
库/基础库/人工智能/模型仓库/安全网络。豫	1
库/基础库/人工智能/模型仓库/客户端。豫	3
库/基础库/人工智能/模型仓库/正式下载。豫	1
库/基础库/人工智能/训练记录/训练记录。豫	1
库/基础库/压缩与归档/压缩/叉泽压。豫	1
库/基础库/压缩与归档/压缩/布罗跨块。测试。豫	3
库/基础库/压缩与归档/压缩/测试/全量/叉泽/变异。豫	3
库/基础库/压缩与归档/压缩/测试/全量/叉泽/官方全量。豫	2
库/基础库/压缩与归档/压缩/测试/全量/叉泽/定向核验。豫	3
库/基础库/压缩与归档/压缩/测试/全量/叉泽/幂电脑定向。脚本。豫	3
库/基础库/压缩与归档/压缩/测试/全量/叉泽/核验。豫	3
库/基础库/压缩与归档/压缩/测试/全量/叉泽/系统过滤。豫	2
库/基础库/压缩与归档/压缩/测试/全量/叉泽/臂定向。脚本。豫	3
库/基础库/压缩与归档/压缩/测试/全量/布罗/官方重放。脚本。豫	1
库/基础库/压缩与归档/压缩/测试/全量/布罗/标准组合。脚本。豫	1
库/基础库/压缩与归档/压缩/测试/全量/比压2/种子记录。豫	1
库/基础库/压缩与归档/压缩/迅捷压缩。豫	1
库/基础库/压缩与归档/归档/合档。豫	5
库/基础库/压缩与归档/归档/测试/合档。测试。豫	21
库/基础库/图像与图形/图像编解码/测试/捷图。测试。豫	4
库/基础库/存储与时间/嵌入数据库/关系库只读/私守卫。豫	1
库/基础库/存储与时间/日历/时区/时区。测试。豫	5
库/基础库/存储与时间/日历/时区。豫	2
库/基础库/存储与时间/日历/格式。豫	36
库/基础库/存储与时间/日历/格式辅助。豫	2
库/基础库/存储与时间/日历/测试/周序日期。测试。豫	2
库/基础库/存储与时间/日历/测试/格式。测试。豫	16
库/基础库/存储与时间/日历全量测试/全区域源核验。脚本。豫	1
库/基础库/存储与时间/日历全量测试/性能。脚本。豫	7
库/基础库/存储与时间/日历全量测试/时区变异。测试。豫	1
库/基础库/存储与时间/日历全量测试/解析变异。测试。豫	4
库/基础库/密码与安全/安全传输/客户。豫	26
库/基础库/密码与安全/安全传输/密钥日程。豫	3
库/基础库/密码与安全/安全传输/对称记录。豫	13
库/基础库/密码与安全/安全传输/旧版客户。豫	4
库/基础库/密码与安全/安全传输/旧版记录。豫	6
库/基础库/密码与安全/安全传输/服务。豫	8
库/基础库/密码与安全/安全传输/测试/互通。测试。豫	6
库/基础库/密码与安全/安全传输/测试/密钥日程。测试。豫	10
库/基础库/密码与安全/安全传输/测试/旧版客户。测试。豫	2
库/基础库/密码与安全/安全传输/测试/混合。测试。豫	3
库/基础库/密码与安全/安全传输/测试/混合客户。测试。豫	2
库/基础库/密码与安全/安全传输/混合。豫	2
库/基础库/密码与安全/密码/AES。豫	343
库/基础库/密码与安全/密码/BLAKE散列。豫	171
库/基础库/密码与安全/密码/RSA造钥。豫	9
库/基础库/密码与安全/密码/公钥。豫	55
库/基础库/密码与安全/密码/口令内存。豫	4
库/基础库/密码与安全/密码/定宽RSA。豫	3
库/基础库/密码与安全/密码/宽字散列。豫	24
库/基础库/密码与安全/密码/密码。豫	106
库/基础库/密码与安全/密码/封套派生。豫	3
库/基础库/密码与安全/密码/散列。豫	83
库/基础库/密码与安全/密码/曲线。豫	5
库/基础库/密码与安全/密码/格封装。豫	18
库/基础库/密码与安全/密码/格签。豫	22
库/基础库/密码与安全/密码/派生。豫	20
库/基础库/密码与安全/密码/测试/AES。测试。豫	81
库/基础库/密码与安全/密码/测试/RSA互操作。测试。豫	11
库/基础库/密码与安全/密码/测试/RSA造钥。测试。豫	11
库/基础库/密码与安全/密码/测试/全量/后量子隔离。测试。豫	2
库/基础库/密码与安全/密码/测试/公钥。测试。豫	38
库/基础库/密码与安全/密码/测试/口令内存。测试。豫	2
库/基础库/密码与安全/密码/测试/口令官方扩集。测试。豫	7
库/基础库/密码与安全/密码/测试/定宽RSA。测试。豫	7
库/基础库/密码与安全/密码/测试/封装校验。测试。豫	1
库/基础库/密码与安全/密码/测试/散列。测试。豫	37
库/基础库/密码与安全/密码/测试/曲线。测试。豫	14
库/基础库/密码与安全/密码/测试/派生。测试。豫	10
库/基础库/密码与安全/密码/测试/海绵接线。测试。豫	2
库/基础库/密码与安全/密码/测试/短曲线。测试。豫	12
库/基础库/密码与安全/密码/测试/签名参数。测试。豫	3
库/基础库/密码与安全/密码/测试/认证。测试。豫	8
库/基础库/密码与安全/密码/测试/阿贡。测试。豫	7
库/基础库/密码与安全/密码/海绵散列。豫	12
库/基础库/密码与安全/密码/爱德曲线。豫	3
库/基础库/密码与安全/密码/爱德签名。豫	5
库/基础库/密码与安全/密码/爱德验签。豫	3
库/基础库/密码与安全/密码/短曲线。豫	4
库/基础库/密码与安全/密码/短曲线域。豫	1
库/基础库/密码与安全/密码/短曲线确定签名。豫	19
库/基础库/密码与安全/密码/短曲线签名。豫	2
库/基础库/密码与安全/密码/认证。豫	17
库/基础库/密码与安全/密码/通用派生。豫	8
库/基础库/密码与安全/密码/阿贡。豫	8
库/基础库/密码与安全/证书/加密密钥。豫	20
库/基础库/密码与安全/证书/受限签发。豫	15
库/基础库/密码与安全/证书/吊销分发。豫	1
库/基础库/密码与安全/证书/吊销范围。豫	1
库/基础库/密码与安全/证书/名称约束。豫	4
库/基础库/密码与安全/证书/在线状态。豫	3
库/基础库/密码与安全/证书/外壳口令。豫	8
库/基础库/密码与安全/证书/外壳私钥。豫	1
库/基础库/密码与安全/证书/密钥格式。豫	3
库/基础库/密码与安全/证书/密钥语义。豫	25
库/基础库/密码与安全/证书/曲线验签。豫	9
库/基础库/密码与安全/证书/测试/受限握手。测试。豫	23
库/基础库/密码与安全/证书/测试/受限签发。测试。豫	23
库/基础库/密码与安全/证书/测试/名称约束。测试。豫	2
库/基础库/密码与安全/证书/测试/密钥容器。测试。豫	9
库/基础库/密码与安全/证书/测试/曲线验签。测试。豫	4
库/基础库/密码与安全/证书/测试/签名参数。测试。豫	12
库/基础库/密码与安全/证书/测试/请求生成。测试。豫	17
库/基础库/密码与安全/证书/生产验签。豫	12
库/基础库/密码与安全/证书/策略限定。豫	1
库/基础库/密码与安全/证书/签发者名称。豫	4
库/基础库/密码与安全/证书/签名参数。豫	55
库/基础库/密码与安全/证书/签名生成。豫	5
库/基础库/密码与安全/证书/签名私核。豫	8
库/基础库/密码与安全/证书/算法验签。豫	8
库/基础库/密码与安全/证书/编码。豫	9
库/基础库/密码与安全/证书/证书。豫	4
库/基础库/密码与安全/证书/请求生成。豫	17
库/基础库/密码与安全/证书/请求生成核。豫	8
库/基础库/密码与安全/证书/验签。豫	18
库/基础库/数值计算/数值类型全量测试/参考量化。脚本。豫	13
库/基础库/数据格式/可扩展标记/校验。豫	10
库/基础库/文字/文字整形/整形。豫	41
库/基础库/文字/文字整形/测试/通用连接。测试。豫	11
库/基础库/文字/正则/PCRE扩展旗样本。豫	5
库/基础库/文字/正则/PCRE测试读取。测试。豫	48
库/基础库/文字/正则/PCRE测试读取。豫	37
库/基础库/文字/正则/PCRE花括号样本。豫	5
库/基础库/文字/正则/PCRE解析差异样本。豫	5
库/基础库/文字/正则/PCRE语义样本。豫	9
库/基础库/文字/正则/PCRE语义适配。测试。豫	8
库/基础库/文字/正则/PCRE语义适配。豫	39
库/基础库/文字/正则/PCRE输出配对。测试。豫	14
库/基础库/文字/正则/PCRE输出配对。豫	85
库/基础库/文字/正则/PCRE默认重放。测试。豫	8
库/基础库/文字/正则/PCRE默认重放。豫	36
库/基础库/文字/正则/官方PCRE语义验证。脚本。豫	30
库/基础库/文字/正则/官方PCRE读取。脚本。豫	50
库/基础库/文字/正则/官方线性数据。豫	50
库/基础库/文字/正则/扩展旗空白。测试。豫	4
库/基础库/文字/正则/解析。豫	12
库/基础库/文字/统一码/文字判别。豫	2
库/基础库/文字/统一码/测试/全量/模糊性质。豫	1
库/基础库/文字/统一码/测试/全量/模糊核验。测试。豫	4
库/基础库/文字/统一码/测试/文字。测试。豫	1
库/基础库/文字/统一码全量测试/模糊核心。豫	4
库/基础库/文字/编码转换/三十二位编码。豫	4
库/基础库/文字/编码转换/八位编码。豫	4
库/基础库/文字/编码转换/国标编码。豫	8
库/基础库/文字/编码转换/文本转换。豫	13
库/基础库/文字/编码转换/测试/统一编码。测试。豫	20
库/基础库/文字/编码转换/统一编码。豫	6
库/基础库/文字/编码转换/编码探测。豫	1
库/基础库/校验与编码/校验/循环校验。豫	5
库/基础库/校验与编码/校验/测试/循环校验。测试。豫	4
库/基础库/校验与编码/校验/测试/标准串。测试。豫	3
库/基础库/测试设施/测试/资源生命周期。测试。豫	1
库/基础库/测试设施/测试/资源验收。脚本。豫	2
库/基础库/测试设施/资源隔离。豫	2
库/基础库/测试设施/逐条监视。豫	2
库/基础库/系统工具/文件类型/测试/公开网页上下文。测试。豫	6
库/基础库/系统工具/文件类型/测试/网页嗅探。测试。豫	19
库/基础库/系统工具/文件类型/测试/识别。测试。豫	3
库/基础库/系统工具/文件类型/网页嗅探。豫	27
库/基础库/系统工具/版本库/接收包。豫	1
库/基础库/系统工具/版本库/散列对象。豫	3
库/基础库/系统工具/版本库/示例/安全克隆。脚本。豫	1
库/基础库/网络/域名解析/测试/全量/真实安全网页。测试。豫	2
库/基础库/网络/超文本传输/事件HTTP来源。豫	9
库/基础库/网络/超文本传输/小饼日期。豫	1
库/基础库/网络/超文本传输/测试/事件HTTP来源。测试。豫	11
库/基础库/网络/超文本传输/测试/小饼默认。测试。豫	1
库/基础库/网络/超文本传输/网页套接字。豫	1
库/基础库/网络/超文本传输/静态文件。豫	1
库/基础库/网络/超文本传输/静态消费。豫	4
库/基础库/网络/邮件格式/邮件日期。豫	2
库/基础库/音频/音频编解码/流无损摘要。豫	1
库/基础库/音频/音频编解码/测试/全量/统一验收。脚本。豫	1
库/基础库/音频/音频编解码/测试/流无损极限数学。测试。豫	1
库/壳核心/yy拼音字库。豫	1
库/字体/测试/真实彩色消费。测试。豫	6
库/字体/测试/系统变量度量黄金。测试。豫	1
库/字体/测试/系统变量边界黄金。测试。豫	1
库/字体/测试/系统覆盖黄金。测试。豫	1
库/安全外壳/安全外壳会话/加密发包。豫	1
库/安全外壳/安全外壳会话/加密收包。豫	2
库/安全外壳/安全外壳会话/双向终端。豫	34
库/安全外壳/安全外壳会话/客户端会话收包。豫	11
库/安全外壳/安全外壳会话/客户端重换钥传输。豫	9
库/安全外壳/安全外壳会话/标准流会话。豫	38
库/安全外壳/安全外壳会话/桥接。豫	1
库/安全外壳/安全外壳会话/重换钥。豫	2
库/安全外壳/安全外壳会话/重换钥传输。豫	23
库/安全外壳/安全外壳协议/会话。豫	12
库/安全外壳/安全外壳协议/公钥文本。豫	28
库/安全外壳/安全外壳协议/分帧。豫	3
库/安全外壳/安全外壳协议/密钥交换。豫	24
库/安全外壳/安全外壳协议/已知主机。豫	8
库/安全外壳/安全外壳协议/报文。豫	20
库/安全外壳/安全外壳协议/授权公钥。豫	4
库/安全外壳/安全外壳协议/派钥。豫	12
库/安全外壳/安全外壳协议/版本。豫	3
库/安全外壳/安全外壳协议/用户认证。豫	39
库/安全外壳/安全外壳协议/私钥文本。豫	31
库/安全外壳/安全外壳协议/通道。豫	2
库/安全外壳/安全外壳协议/通道寿命。豫	4
库/安全外壳/安全外壳密码/原语。豫	34
库/安全外壳/安全外壳密码/原语宿主。接口。豫	9
库/安全外壳/测试/安全外壳互通/入口。豫	141
库/安全外壳/测试/安全外壳会话/入口。豫	32
库/安全外壳/测试/安全外壳公钥文本/入口。豫	36
库/安全外壳/测试/安全外壳密码/入口。豫	21
库/安全外壳/测试/安全外壳报文/入口。豫	82
库/安全外壳/测试/安全外壳服务端互通/入口。豫	105
库/安全外壳/测试/安全外壳桥接/入口。豫	8
库/安全外壳/测试/安全外壳私钥文本/入口。豫	9
库/安全外壳/测试/安全外壳重换钥/入口。豫	28
库/底层库/中央张量内核/归约。底层。豫	5
库/底层库/中央张量内核/派发。底层。豫	2
库/底层库/中央张量内核/测试/十六位。底层。测试。豫	2
库/底层库/中央张量内核/测试/原生。底层。豫	2
库/底层库/中央张量内核/测试/复制与归约。底层。测试。豫	2
库/底层库/中央张量内核/测试/多线程。底层。测试。豫	2
库/底层库/中央张量内核/测试/序列与专家。底层。测试。豫	17
库/底层库/中央张量内核/测试/矩阵与位置。底层。测试。豫	2
库/底层库/中央张量内核/测试/第二批计时。底层。豫	4
库/底层库/中央张量内核/测试/苹果。底层接口。豫	2
库/底层库/中央张量内核/测试/计时。底层。豫	2
库/底层库/中央张量内核/测试/训练与随机。底层。测试。豫	2
库/底层库/中央张量内核/测试/逐元。底层。测试。豫	2
库/底层库/中央张量内核/测试/量化与注意。底层。测试。豫	2
库/底层库/日历系统探针/系统农历。底层。豫	10
库/底层库/日历系统探针/苹果。底层接口。豫	57
库/底层库/测试/单精度矩阵乘/入口。底层。豫	2
库/底层库/测试/单精度矩阵乘/分块。底层。豫	2
库/底层库/测试/单精度矩阵乘/向量。底层。豫	2
库/底层库/测试/单精度矩阵乘/标量。底层。豫	2
库/底层库/测试/单精度矩阵乘/融合。底层。豫	2
库/底层库/测试/底层扩充示例/入口。底层。豫	2
库/底层库/测试/底层扩充示例/六四。底层。豫	2
库/底层库/测试/底层扩充示例/内存导入。底层。豫	2
库/底层库/测试/底层扩充示例/补充。底层。豫	2
库/张量内核/内核表。豫	56
库/张量内核/归约。着色器。豫	25
库/张量内核/注意。着色器。豫	20
库/张量内核/测试/序列与专家。测试。豫	23
库/张量内核/测试/性能计时。测试。豫	22
库/张量内核/测试/矩阵与位置。测试。豫	7
库/张量内核/测试/第二批计时。测试。豫	6
库/张量内核/测试/统算序列与专家。测试。豫	22
库/张量内核/测试/统算性能计时。测试。豫	16
库/张量内核/测试/统算第二批计时。测试。豫	6
库/张量内核/测试/统算融合。测试。豫	33
库/张量内核/测试/融合。测试。豫	33
库/张量内核/测试/融合公用。豫	2
库/张量内核/测试/融合计时。测试。豫	9
库/张量内核/融合核心。着色器。豫	12
库/张量内核/量化。着色器。豫	11
库/张量后端/算子。豫	13
库/显示控件/主循环。豫	3
库/显示控件/测试/原生公共时间二探针。脚本。豫	13
库/显示控件/测试/原生公共时间探针。脚本。豫	3
库/构建基础/构建宿主。接口。豫	3
库/构建基础/构建日志。豫	5
库/构建基础/测试/当前程序SHA256。测试。豫	4
库/构建基础/测试/构建日志。测试。豫	3
库/标准库/宿主。接口。豫	19
库/标准库/宿主带列。接口。豫	1
库/标准库/控制/异步。豫	1
库/标准库/操作系统/系统名称。豫	9
库/标准库/操作系统/路径。豫	5
库/标准库/数学运算/安全随机。豫	1
库/标准库/数据结构/多态列。豫	2
库/标准库/数据结构/字符串术。豫	23
库/标准库/数据结构/字符流术。豫	1
库/标准库/数据结构/字节串。豫	7
库/标准库/数据结构/字节缓冲。豫	10
库/标准库/测试/异步/终止子进程。测试。豫	1
库/标准库/网络/传输控制协议。豫	14
库/标准库/网络/数据报协议。豫	1
库/标准库/语言核心/原语。内建。豫	17
库/浏览器宿主/JSON请求。测试。豫	2
库/浏览器宿主/密码。接口。豫	12
库/浏览器宿主/密码。测试。豫	49
库/浏览器宿主/网络。接口。豫	1
库/浏览器宿主/网页文树原语。接口。豫	1
库/深度学习/推理/生成。豫	2
库/深度学习/框架/后端。豫	1
库/深度学习/框架/数据。豫	4
库/深度学习/框架/数组文件共享。测试。豫	1
库/深度学习/模型/千问三混合专家。豫	1
库/源码排版/测试/换行与制表。测试。豫	2
库/源码排版/测试/规范样本/标准/宿主调用与长导入。豫	1
库/源码排版/测试/规范样本/标准/混合字符显示宽度。豫	2
库/着色库/测试/着色导入-1。豫	2
库/着色库/测试/统算运行。测试。豫	14
库/系统库调用/测试/调用。测试。豫	1
库/统算张量后端/测试/设备。测试。豫	4
库/编译器入口/编译器主。豫	1
库/编译器核心/测试/树码结构摘要。测试。豫	1
库/编译器核心/测试/缓存语义选项。测试。豫	1
库/编译器核心/测试/语义标记。测试。豫	12
库/编译器核心/编译数据/抽象绑定树结构/抽象语法树/抽象语法树表示。豫	4
库/编译器核心/编译数据/语义标记信息。豫	4
库/编译器核心/编译步骤/总体过程/编译过程工具。豫	1
库/编译器核心/编译步骤/着色翻译/统算运算。豫	13
库/编译器核心/编译步骤/着色翻译/统算顶层。豫	15
库/编译器核心/编译步骤/类型检查/函数应用隐式参数合成。豫	10
库/编译器核心/编译步骤/语法分析/源码语义标记。豫	3
库/编译器核心/编译辅助工具/命令行/可打印文档。豫	1
库/诺节宿主/张量原语。接口。豫	1
库/诺节宿主/默认文件定位。测试。豫	1
库/金属张量后端/测试/草稿/yy缓存重放。测试。豫	3
库/金属张量后端/测试/草稿/yy设备间接。测试。豫	1
库/金属张量后端/测试/草稿/yy间接执行。测试。豫	1
库/金属张量后端/测试/草稿/yy间接测速。测试。豫	1
库/金属张量后端/测试/草稿/yy间接缓存。测试。豫	3
库/金属张量后端/测试/草稿/yy间接能力。测试。豫	1
库/金属张量后端/草稿/yy间接指纹。豫	1
库/金属张量后端/草稿/yy间接提交。豫	4
库/金属张量后端/草稿/yy间接段。豫	3
库/金属张量后端/草稿/yy间接管线。豫	1
库/金属张量后端/设备。豫	3
应用/人工智能/本地推理/入口。豫	2
应用/人工智能/语音识别/权重。豫	2
应用/发布/批量发布/产物签名。豫	1
应用/发布/批量发布/入口。豫	3
应用/发布/批量发布/测试/产物签名。测试。豫	1
应用/开发工具/全树测试/入口。豫	7
应用/开发工具/域名查询/入口。豫	1
应用/开发工具/终端浏览器/入口。豫	5
应用/开发工具/终端浏览器/图形页面。豫	595
应用/开发工具/终端浏览器/多项认证。豫	1
应用/开发工具/终端浏览器/多项认证试。脚本。豫	9
应用/开发工具/终端浏览器/密钥推导。豫	66
应用/开发工具/终端浏览器/密钥推导试。脚本。豫	7
应用/开发工具/终端浏览器/布局。豫	2
应用/开发工具/终端浏览器/散列摘要。豫	1
应用/开发工具/终端浏览器/标记词法。豫	12
应用/开发工具/终端浏览器/流密码试。脚本。豫	23
应用/开发工具/终端浏览器/浏览器。豫	2
应用/开发工具/终端浏览器/消息认证。豫	51
应用/开发工具/终端浏览器/消息认证试。脚本。豫	4
应用/开发工具/终端浏览器/网页。豫	50
应用/开发工具/终端浏览器/网页样式。豫	247
应用/开发工具/终端浏览器/脚本。豫	290
应用/开发工具/终端浏览器/脚本运行。豫	896
应用/开发工具/语法高亮核验/入口。豫	1
应用/开发工具/豫言工作台/测试/具名异步。测试。豫	1
应用/开发工具/豫言工作台/测试/模型子程序。测试。豫	1
应用/开发工具/豫言工作台/离屏预览。脚本。豫	16
应用/文档站/源码树浏览器/入口。豫	3
应用/豫构/仓库目标。豫	1
应用/豫构/入口。豫	1
应用/豫言编译器/测试/语法/依值类型/依值标签-1。豫	5
豫言操作系统/宿主/节点/一致性验证/应用/入口。豫	15
豫言操作系统/应用/双宿主构建/节点打包。豫	1
豫言操作系统/应用/双宿主构建/草稿/yy启动器刷新。脚本。豫	1
豫言操作系统/应用/双宿主构建/草稿/yy源序整理。脚本。豫	1
豫言操作系统/应用/密码提供者验证/入口。豫	4
豫言操作系统/裸机/WASI库/WASI。底层。豫	60
豫言操作系统/裸机/WASI库/WASI基础。底层。豫	88
豫言操作系统/裸机/WASI库/WASI布局。底层。豫	23
豫言操作系统/裸机/WASI库/WASI库。包。豫	1
豫言操作系统/裸机/WASI库/WASI挂钩。底层。豫	23
豫言操作系统/裸机/WASI库/WASI文件。底层。豫	214
豫言操作系统/裸机/交互探针/原生终端按键。脚本。豫	3
豫言操作系统/裸机/内核/任务。底层。豫	15
豫言操作系统/裸机/内核/内存。底层。豫	5
豫言操作系统/裸机/内核/平台。底层。豫	29
豫言操作系统/裸机/内核/按段。底层。豫	8
豫言操作系统/裸机/内核/架构。底层。豫	3
豫言操作系统/裸机/内核/装载。底层。豫	35
豫言操作系统/裸机/内核/键鼠。底层。豫	13
豫言操作系统/裸机/原生一致性。豫	2
豫言操作系统/裸机/原生样例/你好/入口。底层。豫	3
豫言操作系统/裸机/原生样例/你好/林纳克斯。底层接口。豫	3
豫言操作系统/裸机/原生样例/你好/苹果。底层接口。豫	3
豫言操作系统/裸机/原生样例/你好/苹果入口。底层。豫	3
豫言操作系统/裸机/原生样例/你好/视窗。底层接口。豫	4
豫言操作系统/裸机/原生样例/你好/视窗入口。底层。豫	4
豫言操作系统/裸机/原生样例/林初进程/入口。底层。豫	6
豫言操作系统/裸机/原生样例/林初进程/林纳克斯。底层接口。豫	10
豫言操作系统/裸机/原生样例/林初进程/网卡入口。底层。豫	14
豫言操作系统/裸机/原生样例/长址/入口。底层。豫	2
豫言操作系统/裸机/原生样例/长址/林纳克斯。底层接口。豫	2
豫言操作系统/裸机/原生样例/长址/苹果。底层接口。豫	2
豫言操作系统/裸机/原生样例/长址/苹果入口。底层。豫	2
豫言操作系统/裸机/原生生成。豫	2
豫言操作系统/裸机/壳/测试/子进程文件.预置/程序/文件工。豫	6
豫言操作系统/裸机/壳/测试/崩溃.预置/程序/无限递归。豫	2
豫言操作系统/裸机/客体二号/WASI分派。底层。豫	15
豫言操作系统/裸机/客体二号/WASI名称。底层。豫	1
豫言操作系统/裸机/客体二号/WASI名称探针。底层。豫	5
豫言操作系统/裸机/客体二号/主机。底层。豫	40
豫言操作系统/裸机/客体二号/主机任务。底层。豫	98
豫言操作系统/裸机/客体二号/主机数值。底层。豫	55
豫言操作系统/裸机/客体二号/主机文件。底层。豫	43
豫言操作系统/裸机/客体二号/传输控制共享。底层。豫	20
豫言操作系统/裸机/客体二号/传输控制共享入口。底层。豫	3
豫言操作系统/裸机/客体二号/传输控制数据报。底层。豫	14
豫言操作系统/裸机/客体二号/传输控制等待。底层。豫	2
豫言操作系统/裸机/客体二号/入口。底层。豫	94
豫言操作系统/裸机/客体二号/公共任务原语。底层。豫	30
豫言操作系统/裸机/客体二号/公共子程序原语。底层。豫	31
豫言操作系统/裸机/客体二号/公共文件原语。底层。豫	1
豫言操作系统/裸机/客体二号/公共时间原语。底层。豫	35
豫言操作系统/裸机/客体二号/初始化。底层。豫	45
豫言操作系统/裸机/客体二号/原生参数。底层。豫	7
豫言操作系统/裸机/客体二号/原生子进程。底层。豫	91
豫言操作系统/裸机/客体二号/原生底层。底层。豫	153
豫言操作系统/裸机/客体二号/原生文件原语。底层。豫	103
豫言操作系统/裸机/客体二号/原生槽区。底层。豫	3
豫言操作系统/裸机/客体二号/原生系统。底层。豫	24
豫言操作系统/裸机/客体二号/原生网络原语。底层。豫	25
豫言操作系统/裸机/客体二号/原生装载。底层。豫	19
豫言操作系统/裸机/客体二号/原生进程。底层。豫	318
豫言操作系统/裸机/客体二号/名表解析探针。底层。豫	10
豫言操作系统/裸机/客体二号/回收下限。底层。测试。豫	14
豫言操作系统/裸机/客体二号/块设备。底层。豫	58
豫言操作系统/裸机/客体二号/域名报文探针。底层。豫	7
豫言操作系统/裸机/客体二号/基础。底层。豫	15
豫言操作系统/裸机/客体二号/堆。底层。豫	295
豫言操作系统/裸机/客体二号/堆进位。底层。测试。豫	9
豫言操作系统/裸机/客体二号/多服解析探针。底层。豫	14
豫言操作系统/裸机/客体二号/实例。底层。豫	17
豫言操作系统/裸机/客体二号/宿主对象。底层。豫	19
豫言操作系统/裸机/客体二号/对象。底层。豫	76
豫言操作系统/裸机/客体二号/布局。底层。豫	277
豫言操作系统/裸机/客体二号/带型名。底层。豫	2
豫言操作系统/裸机/客体二号/常驻。底层。豫	13
豫言操作系统/裸机/客体二号/平台。底层。豫	47
豫言操作系统/裸机/客体二号/平台接口/林纳克斯。底层接口。豫	43
豫言操作系统/裸机/客体二号/平台接口/苹果。底层接口。豫	60
豫言操作系统/裸机/客体二号/平台接口/视窗。底层接口。豫	53
豫言操作系统/裸机/客体二号/异常。底层。豫	37
豫言操作系统/裸机/客体二号/控制。底层。豫	63
豫言操作系统/裸机/客体二号/文件定位共享。底层。豫	2
豫言操作系统/裸机/客体二号/文件定位原生探针。底层。豫	2
豫言操作系统/裸机/客体二号/文件系统。底层。豫	110
豫言操作系统/裸机/客体二号/时间共享。底层。豫	3
豫言操作系统/裸机/客体二号/显示原语。底层。豫	13
豫言操作系统/裸机/客体二号/构建摘要。底层。豫	39
豫言操作系统/裸机/客体二号/林启动。底层。豫	4
豫言操作系统/裸机/客体二号/林底层。底层。豫	420
豫言操作系统/裸机/客体二号/林系统。底层。豫	129
豫言操作系统/裸机/客体二号/模块。底层。豫	174
豫言操作系统/裸机/客体二号/浮点指令。底层。豫	78
豫言操作系统/裸机/客体二号/系统库原语。底层。豫	32
豫言操作系统/裸机/客体二号/苹启动。底层。豫	4
豫言操作系统/裸机/客体二号/苹底层。底层。豫	302
豫言操作系统/裸机/客体二号/苹显示。底层。豫	419
豫言操作系统/裸机/客体二号/苹系统。底层。豫	135
豫言操作系统/裸机/客体二号/苹路径标志探针。底层。豫	66
豫言操作系统/裸机/客体二号/行剩余探针。底层。豫	24
豫言操作系统/裸机/客体二号/表指令。底层。豫	37
豫言操作系统/裸机/客体二号/装载。底层。豫	26
豫言操作系统/裸机/客体二号/裸显示。底层。豫	4
豫言操作系统/裸机/客体二号/裸机底层句柄。底层。豫	288
豫言操作系统/裸机/客体二号/裸机底层基础。底层。豫	49
豫言操作系统/裸机/客体二号/裸机底层文件。底层。豫	266
豫言操作系统/裸机/客体二号/裸机底层显示。底层。豫	22
豫言操作系统/裸机/客体二号/裸机底层状态码。底层。豫	24
豫言操作系统/裸机/客体二号/裸机底层终端。底层。豫	7
豫言操作系统/裸机/客体二号/裸机底层网络。底层。豫	14
豫言操作系统/裸机/客体二号/裸机底层进程。底层。豫	6
豫言操作系统/裸机/客体二号/视窗启动。底层。豫	6
豫言操作系统/裸机/客体二号/视窗底层。底层。豫	186
豫言操作系统/裸机/客体二号/视窗系统。底层。豫	195
豫言操作系统/裸机/客体二号/视窗进程。底层。豫	62
豫言操作系统/裸机/客体二号/解释。底层。豫	93
豫言操作系统/裸机/客体二号/访存。底层。豫	22
豫言操作系统/裸机/客体二号/调用。底层。豫	77
豫言操作系统/裸机/客体二号/豫行装载。底层。豫	4
豫言操作系统/裸机/客体二号/路径边界探针。底层。豫	56
豫言操作系统/裸机/客体二号/软浮点。底层。豫	196
豫言操作系统/裸机/客体二号/运算。底层。豫	17
豫言操作系统/裸机/客体二号/进程资源。底层。豫	1
豫言操作系统/裸机/客体二号/远程文件。底层。测试。豫	2
豫言操作系统/裸机/客体二号/远程文件。底层。豫	46
豫言操作系统/裸机/客体二号/链接。底层。豫	53
豫言操作系统/裸机/客体二号/预编接口。底层。豫	97
豫言操作系统/裸机/库/裸机后端/Linux可执行。豫	10
豫言操作系统/裸机/库/裸机后端/兼原子降级。豫	36
豫言操作系统/裸机/库/裸机后端/兼向量降级。豫	22
豫言操作系统/裸机/库/裸机后端/兼容核心。豫	42
豫言操作系统/裸机/库/裸机后端/兼数值汇编。豫	20
豫言操作系统/裸机/库/裸机后端/兼浮点降级。豫	138
豫言操作系统/裸机/库/裸机后端/兼降级原语。豫	18
豫言操作系统/裸机/库/裸机后端/内联小函数。豫	4
豫言操作系统/裸机/库/裸机后端/原子降级。豫	34
豫言操作系统/裸机/库/裸机后端/原生产物。豫	5
豫言操作系统/裸机/库/裸机后端/宽降级原语。豫	62
豫言操作系统/裸机/库/裸机后端/寄存器降级。豫	588
豫言操作系统/裸机/库/裸机后端/控台输入。豫	3
豫言操作系统/裸机/库/裸机后端/散列二五六。豫	1
豫言操作系统/裸机/库/裸机后端/数值公用。豫	5
豫言操作系统/裸机/库/裸机后端/数值内在。豫	24
豫言操作系统/裸机/库/裸机后端/数值码。豫	2
豫言操作系统/裸机/库/裸机后端/数值转译。豫	49
豫言操作系统/裸机/库/裸机后端/浮点上下文。豫	2
豫言操作系统/裸机/库/裸机后端/浮点降级。豫	78
豫言操作系统/裸机/库/裸机后端/臂数值汇编。豫	2
豫言操作系统/裸机/库/裸机后端/臂降级原语。豫	12
豫言操作系统/裸机/库/裸机后端/视窗可执行。豫	10
豫言操作系统/裸机/库/裸机后端/视窗格式写出。豫	8
豫言操作系统/裸机/库/裸机后端/通用串行诊断。豫	2
豫言操作系统/裸机/库/裸机后端/降级目标。豫	14
豫言操作系统/裸机/库/裸机后端/预编二转译。豫	231
豫言操作系统/裸机/库/裸机后端/预编转译。豫	37
豫言操作系统/裸机/库/裸机后端/马赫格式写出。豫	1
豫言操作系统/裸机/普通探针/代数闭包。脚本。豫	22
豫言操作系统/裸机/普通探针/夹具生成/单精四则客体。脚本。豫	1
豫言操作系统/裸机/普通探针/字符串异常。脚本。豫	12
豫言操作系统/裸机/普通探针/盘/ext4压力-一。脚本。豫	20
豫言操作系统/裸机/普通探针/盘/ext4压力-二。脚本。豫	7
豫言操作系统/裸机/普通探针/盘/ext4目录-一。脚本。豫	1
豫言操作系统/裸机/普通探针/盘/文件-一。脚本。豫	6
豫言操作系统/裸机/普通探针/盘/长路径-一。脚本。豫	6
豫言操作系统/裸机/普通探针/盘/长路径-二。脚本。豫	6
豫言操作系统/裸机/普通探针/硬浮探针。脚本。豫	14
豫言操作系统/裸机/普通探针/递归列表。脚本。豫	5
豫言操作系统/裸机/林虚拟化探测。豫	1
豫言操作系统/裸机/林虚拟化运行。豫	6
豫言操作系统/裸机/林资源映射。豫	5
豫言操作系统/裸机/示例/程序/质数。脚本。豫	17
豫言操作系统/适配/口令派生/派生。豫	3
豫言操作系统/适配/口令派生/测试/派生。测试。豫	2
豫言操作系统/适配/命名持久服务/一致性验证/应用/入口。豫	4
豫言操作系统/适配/密码摘要/一致性验证/应用/入口。豫	3
豫言操作系统/适配/密码摘要/摘要。豫	6
豫言操作系统/适配/密码摘要/测试/摘要。测试。豫	2
豫言操作系统/适配/对象存储/对象。豫	23
豫言操作系统/适配/张量计算/一致性验证/应用/张量探针/入口。豫	1
豫言操作系统/适配/张量计算/张量。豫	12
豫言操作系统/适配/张量计算原生/张量。豫	12
豫言操作系统/适配/张量计算节点/张量。豫	19
豫言操作系统/适配/持久事务/键值。豫	4
豫言操作系统/适配/持久独占/独占。豫	2
豫言操作系统/适配/持久频道/一致性验证/组合范例/应用/入口。豫	2
豫言操作系统/适配/授权服务/一致性验证/应用/入口。豫	4
豫言操作系统/适配/文字规整/一致性验证/应用/入口。豫	1
豫言操作系统/适配/文字规整/规整。豫	2
豫言操作系统/适配/文字规整浏览器/规整。豫	2
豫言操作系统/适配/时间/时点。豫	14
豫言操作系统/适配/时间浏览器/时点。豫	6
豫言操作系统/适配/消息队列/一致性验证/真实工作者/应用/入口。豫	1
豫言操作系统/适配/消息队列/队列。豫	18
豫言操作系统/适配/编译运行/一致性验证/应用/入口。豫	5
豫言操作系统/适配/编译运行/编译。豫	2
豫言操作系统/适配/网址查询/一致性验证/应用/网址查询一致性应用/入口。豫	1
豫言操作系统/适配/网页上游/一致性验证/应用/入口。豫	4
豫言操作系统/适配/网页上游/请求。豫	2
豫言操作系统/适配/网页定时/一致性验证/应用/前端接口探针/入口。豫	4
豫言操作系统/适配/网页文树/节点。豫	3
豫言操作系统/适配/网页服务/一致性验证/网页入站/应用/网页入站一致性应用/入口。豫	1
豫言操作系统/适配/网页服务/入站网页。豫	26
豫言操作系统/适配/隔离运行/运行。豫	3
豫言操作系统接口/口令派生/派生。接口。豫	1
豫言操作系统接口/密码摘要/摘要。接口。豫	2
豫言操作系统接口/张量计算/张量。接口。豫	1
豫言操作系统接口/文字规整/规整。接口。豫	1
豫言操作系统接口/时间/时点。接口。豫	3
豫言操作系统接口/编译运行/编译。接口。豫	1
豫言操作系统接口/网页上游/请求。接口。豫	1
豫言操作系统接口/网页文树/节点。接口。豫	1
