后端	编码	轮	输入字节	重复	校验和	秒数
Node	Big5	0	17	10000	170000	0.071188
Node	Big5	1	17	10000	170000	0.314147
Node	Big5	2	17	10000	170000	0.144308
Node	Big5	3	17	10000	170000	0.230337
Node	Big5	4	17	10000	170000	0.126012
Node	Big5	5	17	10000	170000	0.151914
Node	Big5	6	17	10000	170000	0.097112
Node	EUC-JP	0	17	10000	170000	0.271644
Node	EUC-JP	1	17	10000	170000	0.76284
Node	EUC-JP	2	17	10000	170000	0.689398
Node	EUC-JP	3	17	10000	170000	0.579393
Node	EUC-JP	4	17	10000	170000	0.47316
Node	EUC-JP	5	17	10000	170000	0.842595
Node	EUC-JP	6	17	10000	170000	0.689567
Node	EUC-KR	0	17	10000	170000	1.245085
Node	EUC-KR	1	17	10000	170000	1.207417
Node	EUC-KR	2	17	10000	170000	2.161176
Node	EUC-KR	3	17	10000	170000	1.310532
Node	EUC-KR	4	17	10000	170000	1.035843
Node	EUC-KR	5	17	10000	170000	0.954036
Node	EUC-KR	6	17	10000	170000	1.023826
Node	GBK	0	17	10000	170000	1.056574
Node	GBK	1	17	10000	170000	1.736504
Node	GBK	2	17	10000	170000	3.570858
Node	GBK	3	17	10000	170000	3.147052
Node	GBK	4	17	10000	170000	2.78771
Node	GBK	5	17	10000	170000	3.521052
Node	GBK	6	17	10000	170000	2.499936
Node	ISO-2022-JP	0	23	10000	230000	0.215681
Node	ISO-2022-JP	1	23	10000	230000	0.214315
Node	ISO-2022-JP	2	23	10000	230000	0.219194
Node	ISO-2022-JP	3	23	10000	230000	0.213381
Node	ISO-2022-JP	4	23	10000	230000	0.21602
Node	ISO-2022-JP	5	23	10000	230000	0.296356
Node	ISO-2022-JP	6	23	10000	230000	0.40391
Node	Shift_JIS	0	17	10000	170000	1.110378
Node	Shift_JIS	1	17	10000	170000	0.838436
Node	Shift_JIS	2	17	10000	170000	0.637238
Node	Shift_JIS	3	17	10000	170000	0.722151
Node	Shift_JIS	4	17	10000	170000	0.502163
Node	Shift_JIS	5	17	10000	170000	0.325588
Node	Shift_JIS	6	17	10000	170000	0.263812
Node	UTF-8	0	20	10000	200000	0.064561
Node	UTF-8	1	20	10000	200000	0.025912
Node	UTF-8	2	20	10000	200000	0.013655
Node	UTF-8	3	20	10000	200000	0.034514
Node	UTF-8	4	20	10000	200000	0.013743
Node	UTF-8	5	20	10000	200000	0.10597
Node	UTF-8	6	20	10000	200000	0.017016
Node	windows-1252	0	13	10000	130000	0.042607
Node	windows-1252	1	13	10000	130000	0.037595
Node	windows-1252	2	13	10000	130000	0.042414
Node	windows-1252	3	13	10000	130000	0.042601
Node	windows-1252	4	13	10000	130000	0.037389
Node	windows-1252	5	13	10000	130000	0.038441
Node	windows-1252	6	13	10000	130000	0.038888
原生	Big5	0	17	10000	170000	0.100721
原生	Big5	1	17	10000	170000	0.098694
原生	Big5	2	17	10000	170000	0.094581
原生	Big5	3	17	10000	170000	0.097483
原生	Big5	4	17	10000	170000	0.09933
原生	Big5	5	17	10000	170000	0.104244
原生	Big5	6	17	10000	170000	0.101989
原生	EUC-JP	0	17	10000	170000	0.398223
原生	EUC-JP	1	17	10000	170000	0.402434
原生	EUC-JP	2	17	10000	170000	0.864759
原生	EUC-JP	3	17	10000	170000	1.092001
原生	EUC-JP	4	17	10000	170000	0.505409
原生	EUC-JP	5	17	10000	170000	0.84258
原生	EUC-JP	6	17	10000	170000	0.451302
原生	EUC-KR	0	17	10000	170000	1.972372
原生	EUC-KR	1	17	10000	170000	2.020844
原生	EUC-KR	2	17	10000	170000	2.205716
原生	EUC-KR	3	17	10000	170000	2.12382
原生	EUC-KR	4	17	10000	170000	2.055982
原生	EUC-KR	5	17	10000	170000	1.976878
原生	EUC-KR	6	17	10000	170000	1.897304
原生	GBK	0	17	10000	170000	2.031049
原生	GBK	1	17	10000	170000	1.990806
原生	GBK	2	17	10000	170000	1.937451
原生	GBK	3	17	10000	170000	1.916353
原生	GBK	4	17	10000	170000	1.977704
原生	GBK	5	17	10000	170000	1.891465
原生	GBK	6	17	10000	170000	1.781425
原生	ISO-2022-JP	0	23	10000	230000	0.311338
原生	ISO-2022-JP	1	23	10000	230000	0.318648
原生	ISO-2022-JP	2	23	10000	230000	0.30549
原生	ISO-2022-JP	3	23	10000	230000	0.31965
原生	ISO-2022-JP	4	23	10000	230000	0.308763
原生	ISO-2022-JP	5	23	10000	230000	0.304863
原生	ISO-2022-JP	6	23	10000	230000	0.302389
原生	Shift_JIS	0	17	10000	170000	0.349715
原生	Shift_JIS	1	17	10000	170000	0.362124
原生	Shift_JIS	2	17	10000	170000	0.368924
原生	Shift_JIS	3	17	10000	170000	0.350775
原生	Shift_JIS	4	17	10000	170000	0.353229
原生	Shift_JIS	5	17	10000	170000	0.351587
原生	Shift_JIS	6	17	10000	170000	0.359423
原生	UTF-8	0	20	10000	200000	0.017522
原生	UTF-8	1	20	10000	200000	0.016034
原生	UTF-8	2	20	10000	200000	0.014629
原生	UTF-8	3	20	10000	200000	0.015634
原生	UTF-8	4	20	10000	200000	0.017433
原生	UTF-8	5	20	10000	200000	0.015722
原生	UTF-8	6	20	10000	200000	0.012508
原生	windows-1252	0	13	10000	130000	0.064778
原生	windows-1252	1	13	10000	130000	0.062188
原生	windows-1252	2	13	10000	130000	0.059889
原生	windows-1252	3	13	10000	130000	0.059746
原生	windows-1252	4	13	10000	130000	0.057222
原生	windows-1252	5	13	10000	130000	0.05989
原生	windows-1252	6	13	10000	130000	0.063163

