入口	起点	次数	退出码	接受	合法拒绝
环境	0	10000	0	3598	6402
环境	10000	10000	0	3551	6449
环境	20000	10000	0	3593	6407
环境	30000	10000	0	3575	6425
环境	40000	10000	0	3593	6407
环境	50000	10000	0	3824	6176
环境	60000	10000	0	3670	6330
环境	70000	10000	0	3607	6393
环境	80000	10000	0	3569	6431
环境	90000	10000	0	3299	6701
环境	100000	10000	0	3484	6516
环境	110000	10000	0	3326	6674
环境	120000	10000	0	3265	6735
环境	130000	10000	0	2441	7559
环境	140000	10000	0	2059	7941
环境	150000	10000	0	2446	7554
环境	160000	10000	0	2471	7529
环境	170000	10000	0	2260	7740
环境	180000	10000	0	3392	6608
环境	190000	10000	0	3529	6471
环境	200000	10000	0	3760	6240
环境	210000	10000	0	3675	6325
环境	220000	10000	0	3577	6423
环境	230000	10000	0	3564	6436
环境	240000	10000	0	3719	6281
环境	250000	10000	0	3765	6235
环境	260000	10000	0	3569	6431
环境	270000	10000	0	3254	6746
环境	280000	10000	0	3250	6750
环境	290000	10000	0	3400	6600
环境	300000	10000	0	3416	6584
环境	310000	10000	0	2263	7737
环境	320000	10000	0	1990	8010
环境	330000	10000	0	2349	7651
环境	340000	10000	0	2441	7559
环境	350000	10000	0	2669	7331
环境	360000	10000	0	3440	6560
环境	370000	10000	0	3478	6522
环境	380000	10000	0	3547	6453
环境	390000	10000	0	3770	6230
环境	400000	10000	0	3739	6261
环境	410000	10000	0	3621	6379
环境	420000	10000	0	3563	6437
环境	430000	10000	0	3599	6401
环境	440000	10000	0	3655	6345
环境	450000	10000	0	3368	6632
环境	460000	10000	0	3294	6706
环境	470000	10000	0	3251	6749
环境	480000	10000	0	3244	6756
环境	490000	10000	0	2217	7783
环境	500000	10000	0	2087	7913
环境	510000	10000	0	2503	7497
环境	520000	10000	0	2169	7831
环境	530000	10000	0	2785	7215
环境	540000	10000	0	3626	6374
环境	550000	10000	0	3579	6421
环境	560000	10000	0	3609	6391
环境	570000	10000	0	3566	6434
环境	580000	10000	0	3628	6372
环境	590000	10000	0	3828	6172
环境	600000	10000	0	3652	6348
环境	610000	10000	0	3593	6407
环境	620000	10000	0	3391	6609
环境	630000	10000	0	3323	6677
环境	640000	10000	0	3465	6535
环境	650000	10000	0	3322	6678
环境	660000	10000	0	3029	6971
环境	670000	10000	0	1988	8012
环境	680000	10000	0	2077	7923
环境	690000	10000	0	2751	7249
环境	700000	10000	0	2155	7845
环境	710000	10000	0	3024	6976
环境	720000	10000	0	3394	6606
环境	730000	10000	0	3643	6357
环境	740000	10000	0	3761	6239
环境	750000	10000	0	3649	6351
环境	760000	10000	0	3573	6427
环境	770000	10000	0	3578	6422
环境	780000	10000	0	3752	6248
环境	790000	10000	0	3741	6259
环境	800000	10000	0	3377	6623
环境	810000	10000	0	3252	6748
环境	820000	10000	0	3253	6747
环境	830000	10000	0	3407	6593
环境	840000	10000	0	2939	7061
环境	850000	10000	0	2044	7956
环境	860000	10000	0	2061	7939
环境	870000	10000	0	2567	7433
环境	880000	10000	0	2166	7834
环境	890000	10000	0	3397	6603
环境	900000	10000	0	3499	6501
环境	910000	10000	0	3509	6491
环境	920000	10000	0	3593	6407
环境	930000	10000	0	3791	6209
环境	940000	10000	0	3698	6302
环境	950000	10000	0	3617	6383
环境	960000	10000	0	3588	6412
环境	970000	10000	0	3598	6402
环境	980000	10000	0	3486	6514
环境	990000	10000	0	3353	6647
