矩阵乘法,300,0,C,0.008647
矩阵乘法,300,0,OCaml,0.027418
矩阵乘法,300,0,豫言Wasm,0.531824
矩阵乘法,300,0,豫言原生,1.306230
矩阵乘法,300,1,C,0.009039
矩阵乘法,300,1,OCaml,0.028108
矩阵乘法,300,1,豫言Wasm,0.516074
矩阵乘法,300,1,豫言原生,1.150420
矩阵乘法,300,2,C,0.009619
矩阵乘法,300,2,OCaml,0.027566
矩阵乘法,300,2,豫言Wasm,0.502983
矩阵乘法,300,2,豫言原生,1.168107
矩阵乘法,300,3,C,0.009411
矩阵乘法,300,3,OCaml,0.029341
矩阵乘法,300,3,豫言Wasm,0.533731
矩阵乘法,300,3,豫言原生,1.147759
矩阵乘法,300,4,C,0.008634
矩阵乘法,300,4,OCaml,0.027368
矩阵乘法,300,4,豫言Wasm,0.501249
矩阵乘法,300,4,豫言原生,1.159162
矩阵乘法,300,5,C,0.008613
矩阵乘法,300,5,OCaml,0.027436
矩阵乘法,300,5,豫言Wasm,0.507616
矩阵乘法,300,5,豫言原生,1.165398
