质量0窗口10.br	0d8938846d384fe4e4353737415df3e6e2f80a2a0403f80988a72325c7adc5a1
质量0窗口11.br	4eb8ed930704575d645a150ced05de17e8111c1cdca97f3616b06c63831c5e95
质量0窗口12.br	ae1d3500483824fc326ce10207ecac459fea77e7cb86347506b0501a7cac1f44
质量0窗口13.br	e50f5586ae12846f5ff82e21ef265f9b19cb5f7e1ba92088c628b9c8fac875c2
质量0窗口14.br	2c7acbf096262ae26e78cd13c749220577567f7390f020edba3e464087ef7ffa
质量0窗口15.br	6ad48a323f2d2adbcb094e9613b4f186759233bec97033735cc98ef5cdfdf963
质量0窗口16.br	17430ca6ea87007abf69afa88ad33b16b2e0f9a2b9568550b774f5042474653f
质量0窗口17.br	e18e50bd6603d3a71c9815d508ad483f4046c44f967a145d6ccee53cd256cf3b
质量0窗口18.br	aaafe121bdfc56362ed215beb2958f189068f4c598713785a757196a3b2148c3
质量0窗口19.br	8a01ba1d092285df8a4473907e3739b6598909b6d60d22e3d59f6de17f59c8d3
质量0窗口20.br	9d5089717d85d12f0831bb9fef776abfdaa42211403febf7bf28745ed3f237b2
质量0窗口21.br	2d9e0ec3c75237f90a370fa507c2ef0c54a5f6509a2f6d26a1fabccd152f1d1c
质量0窗口22.br	c22f1d0324f4d58a7229de8e7181c89f6477d0ea0a521abc8bfcde7cfdb1f42d
质量0窗口23.br	c30301269c6d2876d7c696badb8546155cc4f7d3b3a788fc8c7ca960b32bc8e6
质量0窗口24.br	35e056d39497854eb95bff5bdfac9222a00bb3750776b1e3d6f58fe551a40f86
质量1窗口10.br	cc8e03a786b7d00e0fcf47ba65d1a35bd9df4358c3c639d0af929b7a37c5a921
质量1窗口11.br	2328dd588f128ab180484f63cffa6d3d595e1d03cb7f7264d8785a24c8e36fac
质量1窗口12.br	ba198413eed07eac1bf977e5c4b6f1082280ea2ce11664e4218fa56fc58baa38
质量1窗口13.br	4b7df87ab1e09ce7c922abfed6ab229e82f3add1e76956364b7d904f25f24a38
质量1窗口14.br	a6a45b11673047752643b35a9ef7475f83e512072ccc5af68133e5cb2e36fe03
质量1窗口15.br	b8acab5fc39956485ddc35797fab7d44138dcecbea603d972fc1391e074a9c7a
质量1窗口16.br	59a1558e249bb62e6e238d09ad0b7296355300a380196089233baba783ebb29f
质量1窗口17.br	02348a211080935b8dd123ba2164d8f5c2efd72af64d0cbd8927c29df9300507
质量1窗口18.br	20576f412fa92c7f9d4463e596892b255b0335b622d5f22d102fa49e3a3391ef
质量1窗口19.br	da7d4089cfdf7ce0cc45737baea72c009f103037cbe5c8610a3f32725b371180
质量1窗口20.br	e9617fbf734dc7c0f1daf6c60cd686e27453cf160f1e68fe2edc973303546c61
质量1窗口21.br	54cd3cbfcaf6077494a1d2846c31678220b615850fca4de2cb962ea4c1e45eee
质量1窗口22.br	1b920ea439186149e5a4b886d6f9de4531663d573865537f1e0fe7f400a561eb
质量1窗口23.br	3fbc7c9be91a1e955d89aa099592449250e41fdae0911178a57227ed7dbe7ef2
质量1窗口24.br	6fae92cf437782ced5fa20dc50fdd899dfdffec3ccf74c80e3a47e70309f6fdb
质量2窗口10.br	4eb6b8981a4bf515922d9db64e7272b557ec1812892b4b5af6eb7996b1a4dd39
质量2窗口11.br	94df17abc83fdfaed4d6752da9d8001522b09152f8a0b43982baffce27f4dfdc
质量2窗口12.br	2a1660ffdd2b07c94a6c5d68125e2e2cc266b7bacbd66d4b4d58d3dae4bbd9f1
质量2窗口13.br	9796bcd2d6834d36b70af1820c3d68207f658f63b1a3a3e12cef11926814130a
质量2窗口14.br	a98596ed7ef40f47546de3259e08b5ac0b67189b04769fe49ae2d450322a433b
质量2窗口15.br	d7256bb40e0bbc7e2643cf7bef105a5f82aeca131f4689a54e0e8aa3278732b5
质量2窗口16.br	53ac230147f49524850bcbc6475c15e4fb9c93d8ae8bc86d2916295de75f6131
质量2窗口17.br	92354c0c3f362aff946b6471f31b9acf5b6ba47eaba859332c2acb24b5a59fe9
质量2窗口18.br	57e54c5bae8f73cce6535a04207272273278f8d44585fa0b7e1f549dd7d76d27
质量2窗口19.br	f49eb42bb56a1fbda355e450c7904316a00aeb2dec9e5d769098a098287b032b
质量2窗口20.br	440d8b33aff2639511c62a453d52f713cb1837068155e67e67222e771b665522
质量2窗口21.br	72c969647a5a54cdec6808fcf69719d20f34247dcf9416218074e661eea8683c
质量2窗口22.br	084e9d5085710d133286106c08eb4c1545004a7fb3c62fc4b50b9d06256499cd
质量2窗口23.br	9b6f0c95f358d856c57cbc7b77c69513ffba7a9ddefffa3cf8be219daefa31b6
质量2窗口24.br	69828de5dd50c8f891bb5795fb992a34b95c4357c1b0648ba202c77c2adebf65
质量3窗口10.br	a87e1697e9f5b1cef782b951faecfd747284e1e51a3069de6bbb965aba36943c
质量3窗口11.br	2a3d638032d098664c18dcfaf8fda497351f4193c96744eb5b3a13f6698dbcbb
质量3窗口12.br	3769f1676d3c6b3d934e7e68248f703a67d166ca824a0fbc42d0dbf14d6d9c61
质量3窗口13.br	67a4931573dc227223bfd536a6156a367b7dd45d020acb2ccd7ba2669664426c
质量3窗口14.br	5aa3ee6f783ef6dc7db5d598e1182b592a27c6b2a4b0ed958e9d89c24a787013
质量3窗口15.br	39ceee425e6c593828922042882a771adc0551d0339afe3dbdfd2754144117ad
质量3窗口16.br	1d408cff7c931a84fe60e7357bf76290bc06967c233d7f6312abe81d95c48494
质量3窗口17.br	5cea149363207b1574b9e6a3461e13d339fe932560df265e03890020c58a7381
质量3窗口18.br	f0cf92baa087ce18c3f97ebd94a3a2f67364ecaf15e0663ae078876767b42b38
质量3窗口19.br	9af86e063177ddab42089ac3a8a99bf17abde4acc0c47b9960797ef4d358f958
质量3窗口20.br	648be8ffd26a157c435455429f8ceb43565884765ea644e41572c89ef64236e8
质量3窗口21.br	3e8934480b4ed4bb5696af95030b74f1ebc8f4e488839b3020ee8811d140825a
质量3窗口22.br	85e5fc822ed6c416bb8efadf337d1d181d1809fbdeac1b27c02686fe50cee53f
质量3窗口23.br	618f3581718cbed16c06e8caa723d42def6573871b64246f41964049f6aa5634
质量3窗口24.br	864d88c3e1da065beb70e13bebdc3f640d477b27ad77cb05d4b2cd182098d376
质量4窗口10.br	a82942ef96eb235e9a4fe1f3a56b55739db0fb13dd4f3b385d9144367ad333e2
质量4窗口11.br	9e9ce948922982e029d7268b6286030f9224ec40cb0af1ef982cb77b6f0e9dc9
质量4窗口12.br	e06286238386eb724c75667b89139d44d02bb3a0cc446f180699641af139e856
质量4窗口13.br	284c5361cd7ffbc76912709436cbc7467d107419656cbba588af39255911db8e
质量4窗口14.br	e9e55b1760d4027b9d353d2af0857a136ade4f441ea83a58478841cbb39037ac
质量4窗口15.br	53f0df1cc38a78df382001e2c032a1e56f3076b68d642a05782ba525586a495b
质量4窗口16.br	fcd2c864fbcb51bcd164e6909464da49ae5977bb911931f3fc2dcb42c27ae640
质量4窗口17.br	62fa0091b9bc0d078f8902d543364f0589a48f6bcfbabe0eba20a917c46be0a4
质量4窗口18.br	f9cd312599db2eb54833222692ce415a3664b24ed88f8187f9ed5dc5b97e42b2
质量4窗口19.br	5240f6ba4b2e3136a1ca76beddb7bb779448d92595b85f14f7fbd7ed75eabbd0
质量4窗口20.br	542c0ba85bd5e2c9d28311123fa0f2dded7c28ff94c121e6355005cea3aebf68
质量4窗口21.br	c1a0875b6437f64b0a0b89be258208ab21deca6eba1f5e19b1979d0b24b5082a
质量4窗口22.br	52399184d8da6f1b7c9715e3b6360a2fbdb13474849c0f74ce99a4abc7123b46
质量4窗口23.br	473227143bc0bd7bb34ca4e9c403e617455a39fad50e71943701aa591d23443b
质量4窗口24.br	fce1cbd6fbcc6afca9f5ac7b6adc340abe740f316e478222767b7165865842fc
质量5窗口10.br	8b6a2ddfde5aaa7cd0361f80d27f38c6b6fe16de049b7000edb2ee33849bbbf9
质量5窗口11.br	0816d3d519b41ea16cc9feb7332266d8baf7bfa57fa15511a69949ccfb4cb8cd
质量5窗口12.br	025c3e9be52d8d4d31dbaece2285c6fef88c1c146935d94cc044b04c8f76c1d8
质量5窗口13.br	916f1a97863a0853e0525c759f42d5a9760bf80fb9c90107338b90ac30861d5f
质量5窗口14.br	16e99ab4c5ad5b4252f8efcc9543be337f2361ee9711475e08bfffbcbd032243
质量5窗口15.br	53496c2b8eed377f58de8ec0e7c8be09265e92b8e3b916761b2a38125ed98d5f
质量5窗口16.br	7dc903a0ad6f6ad21bb39f7187b4db3ed90c132346ae67097520eb017fb1c853
质量5窗口17.br	e97804ee5c9bfe1c8f3dd41026c71528599c05deb7f492503828a47a98c6d244
质量5窗口18.br	68f6d5711c1e884739ebe1a76533db1fa0295ccb6499779a3a5c1c97139fb555
质量5窗口19.br	d1177963e40790366e2b34ee149d23e0da8638e3c48857799ee8a3cd7f444fd3
质量5窗口20.br	2db1233fef41235bd53937906e30516cb07328f8266ae77c6f41e8c268df7b87
质量5窗口21.br	e87e19098353d12dec61cc606565e37992c00522892e509c9122b3814a5a7696
质量5窗口22.br	b4bf4f4f62af5e94769b822b0f24e4edebdb95477e001b4886eb02f2043834f3
质量5窗口23.br	e4db470ca2869a456260dc7f78a55f6322078f1a098ad60c58578b4f29f5d098
质量5窗口24.br	654173f62f8b385f76da0ef61871278d5ae74379a49d1356f4eb51b60c9c37f9
质量6窗口10.br	03fdf12a216f1522f070cca871a6ac4fde9baa7cf737c00c46e051f72c7baeac
质量6窗口11.br	8387478e7a5d5dfd624bfbe71a750e04ac278d72aefc1a084c3f03c1d385a7b7
质量6窗口12.br	5e46d73cee3d03c629b3dd9c25ad8391f65217ae6dcdea0fa6f1d36068a925e6
质量6窗口13.br	061ca96b891d15d8edab814b301c105bac53fc4778fd15bf5ccd0ea9dd6529c2
质量6窗口14.br	42f89b059d10659ed46750ccd32630d116bf813e7fde68875914b6ebc9195727
质量6窗口15.br	c1426a4d093b9b8dc6dff86f389feb410749452ecf79ae084991add84245ff0f
质量6窗口16.br	6e6c8a4a663e81cd29417d282acc770ef3012a56432b82a5ab3c8f55526dba07
质量6窗口17.br	311a8ed412b4d08740e00baf3b8159d26a987187051fdf7edb8da4a90d592f3b
质量6窗口18.br	1136c48c5ba43ae58f93b3ddfbb7cabb27aba310b9c44add81d385967bad03e0
质量6窗口19.br	35f0627cbe109b10aac989e04b72f12fb50ba0c2c0659d82e6dcea7e6b410616
质量6窗口20.br	e0441d224761cb8eb6ee54801228e1f13031e40ac3e26411aa0492ef0f987b52
质量6窗口21.br	c808b2eca584c04bc376892afa7b94cca58eb1216c6ddb155ffb21e79d3fe51b
质量6窗口22.br	f0a5ec02bdbc132b96ce13908a434e30e4006fbe28116d46486a2df5875b5785
质量6窗口23.br	9129034e6efbd45defbb305c8c5ff13a8fde0f3f8d5fba128c8fdd911a413ef9
质量6窗口24.br	618c45088f1f97222719cea594db88b4ad3986c211c72e87ea4e120413b89075
质量7窗口10.br	177329286d0259040ce10168eb5d363be6d217776d1415997e0db7d31671e019
质量7窗口11.br	c53f4040bedb3b4cbdc1b0796a89ea04df7dcab4ffe25d1f5d6c23b14f679e48
质量7窗口12.br	5aab2087ee56d4295c6d612ae251b21644758157cc3916262b33c01e2851823e
质量7窗口13.br	8a2563dafa27c88629c0453204d5870bbb7c683f4418efe6275b44b3cef9b124
质量7窗口14.br	24c6c56de3987b96b58e0df67912c6a643b3ddae2c1dd50c3ed66c9d41c3f646
质量7窗口15.br	37db0728ade9c6e3e0788fa34d2dcb021cdc591e40cccc1b9916045083ebd009
质量7窗口16.br	0c01531721bf409e8923a4e6313c37a36963b038dd10ce1ef0acab852f67dfa8
质量7窗口17.br	003852f48937694ea62e125fff68ca2111704ea4252ef0ba1979a8b2a40efc87
质量7窗口18.br	1ec2ac92812d252d9f60965319378caf718532abb3accf64482cb011126a4322
质量7窗口19.br	0f225ba453e5fa845b44ebbc055f1c5b723ea91e0b2359283569f1cb04dd8687
质量7窗口20.br	d5cfc803843c0389e484b4712405de1c5819d0837d69f7e161c4cb43e9a8c8ba
质量7窗口21.br	1636e6cdef64d98bbc547da9f273719fd03e48c6b127162b18d43747ff37f3b9
质量7窗口22.br	4d5357b10f1e0b48da9a87adcf89b9b1ffe0133542410581758f03e03435aae3
质量7窗口23.br	45f1baa46b841f64af8d3c1b73c7aa754a210cd05e340ae8d0ef1848db2edc93
质量7窗口24.br	9b66a05120ded5290a10a997eb346349a033553f79edd57cff4898b5ec1da2f5
质量8窗口10.br	177329286d0259040ce10168eb5d363be6d217776d1415997e0db7d31671e019
质量8窗口11.br	c53f4040bedb3b4cbdc1b0796a89ea04df7dcab4ffe25d1f5d6c23b14f679e48
质量8窗口12.br	fb58f89abe4d3a1a2b79618e0ffd06d43e564021b5c04f4a3b4e91a943a2f9d5
质量8窗口13.br	e076711407f4c8f353ebcde234ebe45d9b606d230e2c18f1c06eeddf78bdae03
质量8窗口14.br	3aea7aa7722060c27fc47f7aa4eec6e5f323f22e552489ead2cf67833879a9eb
质量8窗口15.br	d21f4094736ab53a3c575bc560d25eb72fe1a3e2fb558023586b26eebc156a11
质量8窗口16.br	5155db7b517d2f886c3b18bcf925c40168707a11c14ab072995e6af3f5ecc371
质量8窗口17.br	43436f9e155c00ed12a4ce3cdff8f1725bd719a236e4414ad7ade89c858a87e1
质量8窗口18.br	ba4aa7d8a4330201f17fb235e651a85760b32b29d6f2a1da8c46d2dc694f9730
质量8窗口19.br	6e51b40c7e99660e04d179b92baf6f3f11120c3e8c2742dc8285a351d7520a71
质量8窗口20.br	21bf9f21c188f471be716c08f06d4347aff2d65d5af2893d9f48e2a4f47ac3f8
质量8窗口21.br	3c42d1b9cadce7db4519737b8c265ed414cc713f44349705fb61f7856d6c84b2
质量8窗口22.br	917ecdd54441f3c136f02c470c5342de3fe6eedc47aa3605997a16d352d061e5
质量8窗口23.br	826a19a0ff174fd201d7b9bbcf64cc23cb632f40552f46dd01da0bfe9ffc2910
质量8窗口24.br	4ac6fb279c5a54b798bc4a75d326bf86a27bbe0edc37b27448ac7517ea854a7d
质量9窗口10.br	aae912534d53ae209f43eb55a33ca1e091975c617a3d8b06debbdd0bb2a389bb
质量9窗口11.br	6aad73defdfeeeadfd26c485e09438f85e001e44a5d4d9e1930421cfc2a86ddb
质量9窗口12.br	e790009fd219340f3a9d87ea2415edfb8b9eea275ab3ef4520f4c21583f4fc0c
质量9窗口13.br	7f59d44e6b0102a011522f139f1e63bd67d8c71434da6e477d9fe950e6bdde4d
质量9窗口14.br	3e1d67e0b3c163ababa095d0cd715266cc009463660cb897c82894525fea3df0
质量9窗口15.br	46d186947d7bc9741fa25019b1ed709093d8ef7b787edf4c5234386299562690
质量9窗口16.br	f0e831a20469a29bdd02fd2830171f5d8e023b1a402056a940b3e412b7c7c874
质量9窗口17.br	399f5c2682099767719632254d8c683e91ae0de8fb7e8cf77a7f946bad4b2683
质量9窗口18.br	b909982df428ff642c17b8d85c66eace36af0daf4da7c533412f7ef52a5b8992
质量9窗口19.br	ca8f3a02c6bbd970a1ad556d43d911ba14c3d00608d2b62ff973c4be63cdce3b
质量9窗口20.br	11407472e68e1010b86c12dd0bcfdc0f1ed979346c91bb275d3064c75e36fece
质量9窗口21.br	596c5f42d95447f61f542db7a428b5fe9c7bb36e78bf8dbf7e5481dedfe7704d
质量9窗口22.br	42cb6c8f3b11cd55857285dfd41e5b6d96a5b27b0dfbb804c919c1f654397e6d
质量9窗口23.br	15829df2100add4dc680a49fc4be04f2479a3d444b9334cbcc853433a3a2c191
质量9窗口24.br	e5b0904ff7c9d0e20c1b782932d22aba837a4cb38180e2ece7821636a42e405b
质量10窗口10.br	84108e85a1d20d8e0bf437b48dacc32236cf1455d5367219fb206fc58bb61fe7
质量10窗口11.br	ccd31bdffb6f564b61a239026d05a7051dcb3206acfeaef9c8095dcd0b2aa89f
质量10窗口12.br	cc51cec81824de926a2d8d3106aa94a724ed82ab43fb7173529abb7eac42c096
质量10窗口13.br	98df7d90ae965b1022dd119473d99cf4951cc28698aff27d1a1dceac7aa6ec13
质量10窗口14.br	15453fd242e7960953cb682cb8fab05afe14ffed5d030efb8002fc70713df859
质量10窗口15.br	047509708744a2cf4f7bf5f40163e2f028ce443f97d78d7ca7d9bad53560d0b7
质量10窗口16.br	3a866e57a42362acd877f4b38c479cbd8d23eb5bb9edddcbb7f507d1ba78147a
质量10窗口17.br	809a6b1924982bb79e135fa0942ee93b23a706a5d57cd98fd9d8f277b8f1e82e
质量10窗口18.br	8606bf873fb002e6b4c5dd1b079e68eaeb6fe280207303bfa73cc1213b342f20
质量10窗口19.br	6110653a0fd4fefda0230eb67d847a1a25fe4ef652b937be21015cbfe8c58db1
质量10窗口20.br	5000376403267dcfa7c9f25c6153df41fe0f3982eb89a6b637c74c896602a42a
质量10窗口21.br	cbb770af25996471efcd147224ad80dbcb71fb5e276bd5290c71f7f2b54a7c21
质量10窗口22.br	42fb8fc520ed6851c77c5c76e65389fb5b8e9c214774c9f59631731b720db674
质量10窗口23.br	d86e313c301c90d98162904a929beb839347c920b21eade7996a3a45fcbaf2b5
质量10窗口24.br	5f4452ad6eb191dc8407352bd9bc32841298dca1676d4a590a6c62bc07399c70
质量11窗口10.br	7f97a9042c0ecca1ef8184a1d88efca5331503373870c22ea5d1fd644bb8ada8
质量11窗口11.br	14b427d2c79303da24158cde00c6b774e71bc6a09bc085cd34712f982bd04b45
质量11窗口12.br	f2a31904083deab7b99ee6b0302e75d3a65c84d55f6784847b4eb11c41c03bf9
质量11窗口13.br	e3e63a4b6c9a28be127ea6f424790e07156c622e5a2385ead2fab827a7b497d5
质量11窗口14.br	f38a17c543735416027c2b8d8eb46d6422772fb923989b491dfa5e75be62543b
质量11窗口15.br	9479a51790c46dbeb759113e73715d42203f7435cd1d70e3217d68bca2777f91
质量11窗口16.br	6284adb06f5492aef14538bcce954eebc343210c38f82254bf80386d9de305b8
质量11窗口17.br	48d57f3df0ad26a3894ebe9e46a3d05a1325553ea4b0b653b573d5c00763c6ea
质量11窗口18.br	a452e54f6fe6cb882a99a7c591972dca0a118e3496efa280e6f16dd51ef2d802
质量11窗口19.br	f88e680ebe99c81f3238c66c595157022b38028c576115402b4afc347eb6434c
质量11窗口20.br	18de6d16fd16e2bba2f5c0804cac0b955cd28309650d5cdbb5d1a734ff6cdfed
质量11窗口21.br	3e516c9d4ebddc80550f8f418aceb2acd27589615cca5ae32741f675ee44b6e3
质量11窗口22.br	448136a6698b5661867abfa819da3a13f27d84617aae347bddf50a341e579918
质量11窗口23.br	31c9a8e6538be6970a06e94353884c8a21787f87eb1c8a8158c6819ed9dcc821
质量11窗口24.br	1fd43c4cfc9e9677f7bfc283d2c90e35c37d580d8bb8e475fb23b2b364c689f5
